41,35,5,6.3,1.5,1.6,1.8,5
41,49,9,4.5,1.2,1.9,1.4,4
30,23,10,4.4,2,2.8,1.1,3
27,18,3,3.2,0.8,1,0.4,4
45,26,10,3.4,1.6,1,0.4,4
34,24,2,2.8,0.9,1,1.5,3
41,14,8,3,2.1,2,1.6,3
35,21,10,2.8,0.9,0.8,0.9,5
42,25,3,2.6,0.7,0.5,0.6,3
41,38,9,3.8,1.6,0.6,1,3
44,11,4,1.6,0.9,0.6,0.6,4
46,10,11,2.6,1.4,1.4,0.4,3
35,23,5,2.5,0.9,0.7,0.3,3
39,9,7,2.5,1.7,0.7,0.8,3
47,32,6,2.8,1.5,0.6,0.6,3
27,17,2,1.8,0.6,0.3,0.5,3
21,15,2,3.7,1.9,2,1.4,3
42,32,10,3.6,1.6,1.7,0.9,3
37,14,3,2.3,1.5,1.4,1.8,2
26,18,4,2.5,1.7,1.3,0.7,2
33,20,5,3.1,2.1,2.3,2.3,3
47,21,9,3.1,1.3,1.6,0.9,3
39,21,6,2.5,0.9,1.6,1.3,3
11,7,1,2.2,1,1.4,1.6,1
23,23,3,2.3,0.6,0.8,0.5,2
18,10,5,3.7,1.4,0.7,0.9,5
43,19,8,3.5,1.5,1,1.4,3
35,12,4,1.7,0.8,0.8,1.5,3
35,18,5,2.5,1.4,1.7,1.4,1
33,19,7,3.2,1.4,0.8,1.6,2
42,20,10,3,0.9,1.3,0.9,2
42,15,3,2,0.7,0.6,1.7,3
19,12,2,2.3,1.5,1.2,1,2
21,3,3,1.1,1.7,2.5,1.9,4
26,9,3,2,0.7,0.2,0.8,2
30,10,8,2.9,1.3,0.8,0.7,2
31,14,0,2.6,0.8,0.3,1.1,3
32,7,1,1.8,0.8,0.8,1.2,2
37,18,2,2.1,0.8,0.9,0.9,1
33,10,3,2.6,1.1,1.7,1.6,1
38,6,1,1.3,0.7,1.2,1.2,2
41,18,5,2.7,1.2,0.6,1.3,1
36,13,3,2.5,0.9,1.7,2,1
33,9,2,2.4,0.6,0.7,1.4,1
28,11,3,3.6,1.3,0.5,1.1,2
35,15,1,2.3,0.6,0.3,1.7,2
30,5,5,1.5,0.7,0.4,0.9,4
43,9,2,1.6,0.7,0.2,1.1,2
37,11,1,1.6,0.5,0.2,0.7,2
38,22,2,2.4,0.9,1.3,0.7,1
32,10,11,2.9,1.4,1.7,1.3,2
36,16,3,2.9,1.2,1.3,2.9,3
22,2,1,0.8,0.3,0.3,0.1,1
39,10,3,1.2,0.5,0.2,1.8,1
36,8,3,0.7,0.4,0.6,0.4,3
40,13,3,1.7,0.6,0.6,0.8,1
21,8,0,2.2,0.4,0.2,0.5,3
36,21,7,2,1.5,0.6,1.3,1
26,9,3,3.2,1.5,1.1,1.5,2
40,19,1,2.3,1.1,0.9,0.8,2
34,11,5,1.4,1.9,0.7,0.6,2
22,7,1,1.7,0.6,0.7,1.6,2
26,11,0,2.3,0.8,0.7,1.1,2
27,11,3,1.6,1.2,0.9,0.5,1
30,10,3,2.1,0.8,0.9,2.1,2
36,13,1,2.4,0.4,0.4,1.2,1
41,14,4,1.7,0.9,0.4,1.6,1
35,3,2,1,0.5,0.5,0.6,1
24,11,3,1.8,0.5,0.6,1.6,2
35,14,4,2.2,1.2,0.7,0.8,2
28,8,5,2.6,1.4,2,1.7,1
32,15,4,3.2,0.8,0.6,1.5,1
37,9,1,1.2,0.4,0.5,0.4,1
25,13,7,3.1,1,0.7,0.9,2
40,6,3,0.9,0.7,0.7,1.4,1
25,4,1,1.3,0.5,0.4,1.5,3
36,9,2,1,0.8,0.4,0.7,2
25,8,2,1.3,0.8,0.1,0.5,3
24,10,3,2.8,1.1,2.7,1.5,2
32,14,1,2,0.7,0.2,0.9,1
35,8,1,1.6,0.8,0.7,1.1,1
31,11,0,2.5,0.4,0.6,2.1,2
20,2,1,0.9,0.2,0.3,0.3,2
30,5,7,1.5,0.8,0.7,1.3,2
29,13,2,2.1,0.9,0.7,2.2,1
33,13,6,2.4,0.9,0.8,1.9,1
33,8,5,1.6,0.8,1.5,1.7,2
33,8,1,2.7,0.9,0.3,1.5,1
30,8,3,2.2,0.5,1.1,0.4,2
42,18,4,2.6,0.6,0.5,0.7,1
27,10,2,2.4,0.9,0.8,1,2
42,10,2,2.2,0.5,0.9,1.1,1
34,10,6,3.3,1.4,1.5,1.4,2
36,10,3,1.4,0.5,0.4,1.3,1
9,2,0,2.4,0.7,1.4,0.7,3
30,17,1,1.8,1.2,1.8,0.8,1
15,5,1,1.3,0.5,0.1,1.3,3
17,6,0,2.1,0.3,0.3,2.1,1
10,2,1,1.5,1,1.5,0.2,3
25,5,1,2.2,0.4,0.3,1.1,1
26,1,4,0.9,0.4,0.3,0.8,2
25,1,5,1.2,1.6,1.2,0.7,2
41,11,2,1.6,0.8,2,2.8,2
24,6,1,2,0.5,0.4,1.4,2
15,2,1,0.9,0.3,0.3,0.3,3
30,11,1,1.6,0.7,0.4,0.9,2
35,10,3,2.6,0.7,0.6,1.2,1
25,4,1,0.5,0.3,0.4,0.6,2
25,9,1,2.1,0.5,0.5,0.5,2
41,26,3,3.7,1,0.8,1.5,1
25,7,3,2.2,1,1.2,1,1
18,9,7,2.9,1.8,0.4,0.9,3
8,4,3,2.3,2.3,1.3,1,1
35,8,2,1.6,0.5,1.2,1.9,1
7,3,0,2.1,0.9,1.1,2.9,1
30,7,4,1,0.8,0.3,1.3,3
35,8,1,1.9,0.2,0.5,0.4,2
35,11,2,2.4,0.4,0.4,1.6,1
30,11,2,1.6,1,0.2,0.5,2
24,3,4,1.1,0.9,0.3,1.2,2
20,3,1,1.3,0.5,0.3,0.5,2
30,6,2,1.8,0.6,1.5,1.3,2
32,3,2,2.8,1.2,1,1.2,1
20,3,1,0.9,0.9,0.3,0.5,2
15,3,3,1.2,0.6,0.6,0.7,2
8,4,1,2.1,0.4,0.5,1.3,1
33,12,1,2,0.7,0.6,1.2,1
32,13,2,2.2,0.9,1.4,1.1,1
28,6,5,2.3,0.9,1.2,1.1,1
30,6,3,1.4,0.6,0.4,1.2,1
35,12,1,3.1,1,1.5,2,1
21,4,2,1.3,0.3,0.2,0.7,2
35,12,3,2.4,0.5,0.9,1.4,2
18,4,0,1.2,0.7,0.6,1.3,1
26,8,4,1.9,0.6,0.3,0.8,1
34,10,3,1.4,0.6,0.9,1.3,1
28,6,2,1.4,1.2,2.2,1.4,1
34,8,2,1.4,0.7,0.8,0.8,1
15,3,1,1.9,0.3,0.9,0.4,1
22,7,1,1.3,0.8,0.2,1.1,2
35,7,3,1.7,1.5,1,1.5,2
20,4,1,1.9,0.6,0.1,0.5,3
33,8,2,1.7,0.8,1.3,2,2
25,4,1,1.3,0.1,0.3,0.6,2
26,8,2,1.6,1,1,1.4,1
7,2,0,0.8,0.2,1.2,0.8,2
33,11,1,2.6,1.2,0.4,1.2,2
24,6,4,1.9,1.9,1.5,2.8,2
26,12,3,1.8,0.8,0.5,1.2,2
12,1,0,0.5,0.2,0.4,0.5,1
25,9,1,1.2,0.6,0.2,1.5,1
34,6,0,1.4,0.3,0.6,0.8,1
32,2,5,0.8,1,1.8,2.4,1
34,6,2,1.7,0.7,0.7,1.6,1
36,2,2,1.3,0.8,1.1,1.1,1
34,10,1,2.2,0.6,0.3,0.9,2
19,6,3,2,1.3,0.9,2.2,1
35,6,1,1.1,0.3,0.3,0.5,1
27,14,3,2.7,1.5,2.1,1.6,1
7,2,0,2,1.3,0.7,0.3,1
26,2,2,1.3,0.8,0.2,1,2
28,2,2,1.6,0.6,1.1,0.6,1
18,0,4,0.8,0.6,0.3,0.7,2
15,0,1,0.7,0.4,0.3,0.9,1
22,1,0,1,0.1,0.1,0.5,2
20,1,1,1.7,0.6,0.1,0.4,2
17,4,0,1.4,0.4,0.4,0.4,2
29,3,1,1.4,0.8,0.4,0.6,2
25,4,3,1.4,0.6,1,0.4,1
30,5,0,1.3,0.5,0.6,0.7,2
25,2,4,0.8,0.5,0.1,0.6,2
20,4,2,1.2,0.3,0.1,0.7,1
7,1,1,1,0.4,0.6,0,1
23,9,1,2,0.6,0.7,2.7,1
32,6,1,1.1,1,1.6,0.9,1
33,4,3,1.7,0.7,0.7,1.9,1
24,6,2,1.7,0.6,0.9,1.1,1
30,6,4,1.2,0.4,0.9,0.5,1
15,3,0,1.9,0.2,0.4,0.7,2
15,3,0,1.9,0.2,0.4,0.7,1
20,4,1,0.8,0.4,0.8,0.8,1
30,4,2,1.2,0.4,0.6,0.5,1
32,4,6,1.3,1,1.4,1.7,1
18,1,2,0.6,0.5,0.5,0.5,1
7,2,1,2.3,0.4,1.6,1,1
25,2,2,1,0.3,0.9,0.4,1
10,2,0,0.7,0.4,0.6,0.7,1
26,6,1,1.4,1,1.3,0.5,1
25,3,2,0.6,0.6,0.6,1.3,1
10,1,0,0.4,0.3,0.4,0.2,3
20,8,0,1.5,0.3,0.1,1.2,1
26,4,5,2,1.2,0.9,1.3,2
15,2,1,0.9,0.4,0.3,0.6,1
25,3,1,1.3,0.6,0.2,1,1
17,4,0,1,0.6,0.3,0.6,1
24,6,2,1.5,0.3,0.6,1.3,2
25,1,1,1,0.3,0.3,1.1,1
20,1,2,1.5,0.5,0.2,1,1
10,0,0,0.7,0,0.3,0.7,1
23,2,5,1.3,1,1.7,1,1
20,3,0,1.5,0.6,0.4,0.6,1
22,7,1,1.6,1.2,0.9,1,1
30,9,1,1.1,0.6,0.8,1.4,2
30,2,1,1.7,0.8,0.8,0.8,3
17,0,1,1.7,0.4,0.6,0.9,1
30,10,2,1.6,0.5,0.3,0.5,1
10,0,1,0.3,0.2,0.4,0.1,2
20,1,0,1,0.5,0.2,0.8,1
25,6,1,2.1,0.6,0.6,1.2,1
25,4,3,2.5,1.1,0.8,0.4,1
10,2,0,1.3,0.5,0.1,0.7,2
14,0,0,1.1,0.4,1.4,0.5,1
5,0,0,0.1,0.1,0.6,0.4,1
20,3,3,1.3,0.5,0.5,0.3,1
18,9,2,3.6,1.9,1.9,0.7,1
25,1,1,1.1,0.5,0.4,0.9,2
15,2,0,1.3,0.7,1.1,0.9,1
10,0,0,1,0.6,0.2,0.4,2
18,3,0,0.9,0.1,0.3,0.6,1
20,3,2,0.8,0.5,0.3,0.2,2
10,1,2,1.3,0.5,0.5,1.4,1
20,4,0,2.3,0.6,0.4,0.6,1
45,16,2,3.2,0.5,0.3,1,1
39,48,9,4.7,1.1,0.8,1,5
43,35,5,5.1,1.1,1.8,1.3,5
43,37,12,3.4,1.1,2.9,1.2,4
46,26,17,3.9,1.4,1.5,1.7,4
46,31,9,3.6,1.1,1.1,0.7,4
38,21,3,3.3,0.8,0.4,1.3,5
42,29,11,2.7,1.4,1.5,1.3,4
40,43,9,3.3,1,1.1,0.8,4
19,6,1,1.6,0.6,0.7,0.6,4
43,25,8,3.4,1.5,0.8,1.3,4
25,5,3,2.6,1.5,1.4,1.5,3
49,31,10,2.9,1.3,2.2,1.8,2
38,17,9,2.4,0.8,0.8,0.7,3
35,16,5,1.3,0.5,0.2,0.5,4
37,13,4,2,0.8,0.4,0.6,3
45,15,7,2,1.2,0.7,0.9,4
45,9,7,2.3,1.2,1.6,0.4,3
42,22,13,3,2.5,2.1,1.4,3
44,18,7,2.9,1,0.9,1.6,3
24,15,3,4.3,1.1,0.6,1.3,5
40,13,10,1.9,1.2,0.4,0.3,3
33,14,13,1.5,1.9,1.8,1.6,2
37,20,7,2.2,1.1,0.8,1.1,2
36,8,10,2.1,2.2,2,2.5,3
53,14,11,2.3,1,0.8,0.9,3
34,29,5,3.7,1,0.8,1.1,3
41,14,4,2.6,1.1,1,1.4,3
45,14,11,2.4,1.4,1.4,1.4,3
35,16,7,1.6,0.9,0.5,1.3,2
42,18,10,1.8,1.3,0.7,1.4,3
23,7,3,2,0.8,0.2,0.6,3
10,4,0,2.6,0.5,1,1.7,3
46,9,10,1.4,1,1.4,0.8,2
45,18,10,2.7,1.1,0.9,1.3,2
36,23,5,3.4,1.4,0.9,1.5,3
34,20,8,2.7,1.3,0.5,0.8,2
36,11,4,1.9,1.1,1.7,1.6,2
35,12,6,1.3,0.7,1,1.5,2
39,16,2,1.5,0.7,0.7,1.7,3
30,11,2,2,1,1.8,2.9,2
43,25,9,2.4,1.3,1.5,0.6,2
34,7,3,2.4,0.7,1.8,2.1,3
42,17,2,2.4,0.3,1.1,1,2
46,24,0,2.1,0.4,0.4,0.9,2
32,18,5,2.4,1,0.5,1.3,2
22,11,5,1.4,1.7,0.5,0.5,2
30,15,9,3,1.8,1,1.4,2
30,12,4,2,0.8,1,0.6,1
37,12,5,1.4,0.6,0.3,0.3,2
20,9,1,3.1,0.5,0.5,1.3,3
39,14,6,3.1,1.1,1.3,3.9,3
35,6,5,2,0.8,1.6,1.2,3
36,11,5,1.9,1,1.3,1.9,1
38,6,6,1.4,0.8,0.9,0.9,2
38,13,3,1.5,0.9,0.8,0.5,2
36,16,0,2.5,0.5,0.7,1.2,2
44,9,12,1.9,2.2,1.4,1.5,3
34,5,1,1.4,0.4,0.2,1.5,2
30,7,5,1,1.1,0.8,1.1,4
33,12,4,1.4,0.5,0.4,0.8,2
38,16,8,2.6,1,0.9,0.8,2
28,11,0,1.4,0.2,0.4,0.8,1
40,24,8,3.5,1.1,1.6,0.9,2
24,10,3,2.8,1,0.5,1.5,2
31,7,1,1.7,0.4,0.5,2.3,1
29,2,6,0.7,1.2,2.2,2.5,4
31,13,0,1.7,0.4,0.1,0.4,3
46,6,0,0.9,0.3,0.3,0.9,2
26,10,5,2.4,1,1.7,1.5,2
33,12,3,2.1,0.7,0.2,0.7,1
26,12,5,1.9,0.7,1,1.6,2
28,4,4,1.1,1.9,1,1,2
37,11,4,2.1,1,0.9,1,2
33,5,0,1.2,0.5,0.1,1.1,1
25,6,2,1.5,0.6,0.4,2,2
26,6,1,1.4,0.3,0.8,0.4,1
34,12,1,1.9,0.9,0.7,0.8,3
39,16,1,2,0.3,1,0.2,2
35,8,4,1.4,0.6,0.8,1.1,3
33,13,1,2.5,0.6,0.5,1.1,2
17,9,2,2.1,0.6,0.4,1.1,3
30,9,0,1.2,0.5,0.4,0.7,2
32,11,0,1.6,0.3,0.4,1,2
26,11,5,1.7,0.6,0.2,1.3,1
37,12,2,2.4,0.7,1,2.5,1
38,17,7,2.8,0.8,0.5,0.6,2
23,1,0,1.9,0.4,0.6,0.4,2
30,13,2,1.6,0.6,0.6,0.7,2
35,16,4,2,1,0.3,1.3,2
37,14,5,2.6,1.2,1.1,1.3,2
32,15,5,2.4,1.1,1.3,0.5,1
27,7,2,1.5,0.4,0.3,0.5,2
30,14,5,1.4,1.1,0.4,0.3,1
35,7,3,1.3,0.7,0.8,0.5,1
39,16,7,2.4,1.5,1.5,1.1,2
45,13,4,1.5,0.9,0.6,1.2,2
41,22,4,2.3,0.5,0.7,1.9,2
37,11,0,1,0.3,0.1,0.4,3
44,10,3,0.7,0.6,0.2,0.8,1
37,11,3,2.5,0.8,0.8,2,1
27,4,1,0.6,0.2,0.1,0.3,3
35,10,2,1.6,0.4,0.5,0.5,3
10,4,2,2.9,0.8,0.3,0.2,2
41,5,3,0.8,0.4,0.3,0.7,2
36,5,1,1.1,0.6,0.2,0.8,2
32,8,2,0.9,0.2,0.2,0.3,3
41,6,5,1.7,0.5,1,1.1,2
33,8,2,1.9,0.7,0.7,1,1
34,12,3,1.3,0.4,0.3,1.8,1
31,12,1,1.9,1,0.9,2,2
38,9,7,1.5,1.2,1.3,1,2
31,7,2,1.3,0.5,0.5,0.5,2
36,5,5,0.9,1.1,1.7,3,1
41,6,2,1.3,0.5,1.3,1.7,2
25,3,1,1.8,0.8,1.5,0.9,1
37,9,7,1.4,1.2,0.8,1.1,2
34,16,5,2.1,0.8,0.5,1.1,2
15,6,2,3.3,0.8,1.3,2.2,2
35,7,1,1.7,0.6,1,1.2,1
36,14,1,1.8,0.8,1.3,1,1
29,7,0,0.9,0.6,0.7,0.4,2
22,7,1,1.5,0.9,1.2,1.4,2
29,6,0,2,0.4,0.2,1.1,2
12,1,0,1.2,0.2,0.1,1.2,2
33,10,2,1.3,0.6,1,1.1,2
36,12,3,2.1,0.6,0.7,1,2
13,0,1,0.8,0.2,0,0.1,2
32,4,3,0.9,1,0.3,0.7,2
25,7,1,1.8,0.8,0.6,1.4,2
37,9,3,0.6,1,0.8,0.2,1
19,3,1,1,0.6,0.2,0.3,3
35,7,1,1.3,0.3,0.2,0.7,2
36,9,5,1.5,1,0.8,1.5,1
46,17,4,1.3,0.7,0.3,0.9,2
27,1,0,0.9,0.3,0.4,0.9,1
32,8,0,1,0.3,0.1,0.1,2
30,10,1,2.4,0.5,0.5,0.7,2
27,0,0,1.2,0.7,0.8,0.3,1
19,2,0,1.3,0.4,0.3,1.8,3
22,3,0,1.7,0.9,0,2.2,1
29,6,1,1.1,1.2,1.2,1.2,2
33,1,5,1.2,1.6,1.2,0.7,2
33,1,3,0.8,0.4,1.6,1.9,2
16,3,2,1.8,0.7,0.2,1.1,2
30,5,6,1.6,1.2,1.7,1.8,2
30,6,2,2,0.4,0.5,1,2
33,4,3,1.3,0.4,0.1,0.9,2
38,11,1,1.8,0.5,0.7,1.7,2
29,8,3,1.5,0.6,0.6,0.9,2
28,5,4,1.7,0.5,0.6,1.5,2
26,5,0,1,0.5,0.5,1,1
38,5,3,1.2,0.4,0.3,0.6,2
15,1,1,1.5,0.2,0.7,0.9,1
33,6,2,1.3,0.4,0.5,0.8,2
17,1,2,0.6,0.5,0.4,0.8,1
20,1,0,0.9,0.1,0.4,0.3,1
30,4,2,1.4,0.5,0.6,1.3,1
34,1,0,1.1,0.4,0.1,0.7,1
36,9,3,1.7,0.6,0.5,0.8,2
21,0,1,0.6,0.2,0.4,0.6,1
22,8,1,1.9,0.8,0.8,0.5,1
29,7,0,2,0.3,0.7,1.4,1
30,5,0,0.6,0.2,0.3,0.7,1
33,8,4,0.7,0.5,0.5,1.2,3
31,1,2,1,0.2,0.4,0.6,2
21,0,2,0.4,1,0.4,0.8,2
7,1,0,0,0.2,0,0,2
29,11,1,1.3,0.2,0.8,1.3,2
18,1,1,0.9,0.5,1,0.6,2
32,4,2,1.3,0.5,0.6,0.5,1
29,3,1,1.2,0.4,1,1.1,1
16,3,0,2.5,0.4,0.3,0.4,1
21,1,0,0.6,0.7,1.1,1.8,1
38,20,3,0.7,0.7,0.9,1.2,1
11,3,1,1.5,0.7,1.4,0.9,1
30,8,1,1.4,0.5,0.8,0.9,1
34,7,2,1.7,0.4,1.9,1,1
31,4,2,1.4,0.5,1.2,1.2,1
19,7,5,1.7,1.3,1.2,0.5,2
26,4,1,2.4,0.6,0.3,0.6,2
22,4,3,0.9,0.4,0.6,1.7,1
15,8,2,1.8,0.6,0.6,0.7,2
28,8,3,2.2,0.8,0.6,1.4,1
36,18,3,2.8,1,1.1,2.7,1
17,5,2,1.4,1,0.6,1,1
6,2,1,0.9,0.2,0.2,1.4,1
31,21,5,2.5,1.3,0.6,2.8,1
5,2,0,0.6,0.3,0.9,0.3,1
35,9,4,1.6,1,1.4,2,1
24,5,6,1.4,0.5,0.5,0.5,1
17,1,3,1.9,1,1.3,0.9,1
18,7,0,1.7,0.6,1,1.9,1
15,5,1,1.3,0.7,0.7,0.8,2
22,0,4,1,0.9,1.6,1.8,1
24,11,2,2,0.6,0.9,1.1,1
16,6,0,0.9,1,0.6,0.9,2
28,14,2,1.8,0.8,0.8,0.6,2
20,6,1,1.5,0.9,0.8,0.7,2
4,0,0,0.4,0.3,0.3,0.1,2
32,5,2,1.6,0.9,0.2,1.6,1
7,0,1,0.8,0.5,0.2,0.3,2
2,1,0,0.5,0.1,0,0.2,2
10,3,0,0.4,0.1,0,0.8,2
5,1,1,0.9,0.3,0.1,0.3,1
20,5,0,1.7,0.6,1.2,1.1,2
22,8,1,1.5,0.6,0.3,0.4,1
2,0,0,0.4,0.1,0.1,0.1,1
9,6,0,2.3,0.3,0.6,1.2,1
21,11,3,1.8,0.9,1.1,1.1,1
11,2,2,0.8,0.5,0.8,0.7,1
10,5,0,0.8,0.2,0.5,0.8,1
15,7,3,1.1,0.5,0.8,0.9,1
4,1,2,0.5,0.1,0.1,0.5,2
7,2,0,0.6,0,0.1,0.7,2
5,0,0,1.3,0.4,0,0.3,2
9,3,1,1.1,0.6,0.1,0.7,1
16,3,2,0.5,0.2,0.4,0.6,2
12,1,0,0.8,0.3,0.3,0.7,2
15,1,0,0.7,0.1,0.4,1.3,2
4,0,1,1,0.3,0,0.5,1
23,3,0,1.2,0.3,0.1,1.2,1
28,3,5,1.3,0.7,0.5,1,1
20,3,2,1.2,0.4,0.4,0.7,1
5,1,0,0.7,0.5,0.5,0.2,1
5,2,0,2.2,0.5,2,1.5,1
5,2,0,1,0.3,0.8,0,1
30,4,4,1.3,0.6,0.8,2.3,1
20,4,2,1,0.3,0.1,0.3,1
27,8,1,1.3,0.6,0.5,0.7,1
30,5,2,1.4,1,0.8,1.3,1
25,2,0,1,0.5,0.7,1.5,1
10,1,1,0.2,0.2,0.1,0.3,1
10,1,0,0.5,0.4,0.5,1.6,1
20,3,1,1,0.3,0.3,0.6,1
30,6,0,1,0.1,0.1,0.5,1
20,2,0,1,0.2,0.5,0.7,1
30,4,3,1.5,0.3,0.2,0.7,1
21,2,0,0.4,0.1,0,0.6,1
22,2,3,1.1,0.2,0.4,1,1
15,1,1,0.6,0.4,0.6,0.3,1
3,0,0,0.5,0.5,0.5,0.5,1
25,1,1,1.4,0.6,0.9,0.7,1
33,4,1,0.6,0.3,0.3,0.4,1
22,6,1,0.9,0.4,0.6,0.7,1
9,1,0,0.5,0.3,0.3,0.8,1
16,1,0,0.6,0.1,0.3,0.6,1
6,0,0,0.2,0,0,0.5,1
19,2,0,0.5,0.2,0.1,0.2,1
26,3,2,1.6,0.7,0.6,1.4,1
5,0,0,0,0,0.6,0.4,1
3,0,0,0,0,0,0.3,1
9,0,0,0.8,0.1,0.1,0.2,1
14,1,0,0.4,0.2,0,0.1,1
20,5,0,0.8,0.2,0.3,0.7,1
28,3,4,1,0.8,0.8,0.3,1
23,1,0,0.7,0.3,0.8,0.8,1
8,1,2,0.5,0.3,0.4,0.5,1
3,0,0,0.3,0,0.3,0,1
45,49,6,4.7,1.1,1.4,1.1,5
40,24,4,3.7,0.9,0.7,0.6,5
49,39,23,4.2,2,3.2,1.5,4
50,30,11,3.6,1.4,1.5,1.5,4
50,46,15,4,1.9,1.1,0.3,4
42,12,2,1.5,0.4,0.2,0.7,4
40,15,0,1.7,0.9,0.5,0.5,4
34,30,7,3.3,1,0.5,0.6,4
39,31,2,3.8,0.9,0.6,1.3,4
34,13,6,3.4,1.3,1.6,1.7,3
26,12,7,2.2,1.8,2.3,0.8,2
30,17,2,2.2,0.7,0.4,0.5,3
19,2,2,1.2,0.5,0.3,0.3,4
38,20,3,2.2,0.5,0.2,0.4,3
46,13,7,1.7,1,0.7,1,4
31,10,5,1.5,0.8,0.9,0.3,3
47,25,8,2.2,1.6,1.6,1.6,4
43,22,3,3.4,0.8,0.6,1.3,3
28,8,3,2.2,1,0.2,0.4,5
39,12,1,1.5,1.1,0.6,0.7,3
37,18,6,2.4,1.5,1.4,1.4,2
47,25,5,1.9,0.9,0.7,0.6,2
38,14,4,2.1,0.4,0.5,0.6,3
51,16,4,1.8,0.5,0.7,0.8,3
49,17,7,2.4,1.1,0.5,1.1,3
44,11,9,1.5,1,0.5,0.8,2
49,13,8,1.7,1.3,0.7,2.2,3
27,4,0,1.2,0.4,0.1,0.3,3
34,6,4,1.7,1.1,1.1,1.4,3
46,13,5,1.4,0.7,0.9,0.8,2
32,13,7,3.4,1.6,1.2,1.1,2
41,8,11,2.9,1.3,0.9,0.9,3
45,8,5,1.5,0.7,0.7,0.9,2
37,12,9,2.3,1.4,1.6,0.9,2
34,9,5,1.6,0.8,1.3,2.4,2
35,6,8,1.5,1,0.6,1,3
34,14,1,2.1,1.4,2.3,3.1,2
37,13,9,2.1,2.2,2.3,1,2
30,10,5,2.4,1,1.3,2.3,3
40,9,3,2.3,0.6,1.4,0.9,2
29,5,1,1.6,0.3,0.2,0.4,2
39,8,3,2.3,0.8,0.2,0.7,2
30,12,5,1.8,1.7,0.9,0.4,2
34,14,1,2.8,1.3,1.1,0.6,3
35,18,3,3.1,1,0.6,1.3,2
30,7,6,1.6,0.5,0.3,0.4,1
21,2,3,1,0.4,0.3,0.4,2
33,12,3,2.3,0.7,0.1,0.3,3
25,9,1,2.6,0.5,0.7,2.3,3
28,3,2,0.8,0.2,0.8,1.2,3
31,6,1,1.3,0.7,0.7,0.6,1
38,8,5,2.5,0.9,0.7,1.1,2
19,7,2,1.9,0.6,0.1,0.9,2
42,10,7,1.9,1.5,1.6,1.4,3
35,6,2,1.3,0.5,0.3,0.9,2
33,6,3,1.2,0.7,0.8,0.8,4
38,13,4,2.5,0.8,0.9,2.3,1
29,7,3,1.7,0.8,0.5,1,2
38,15,8,2.5,1.1,0.3,0.6,2
43,14,1,1.2,0.5,0.4,0.9,2
41,12,3,1.7,0.8,1.3,1.1,2
32,18,2,3.4,0.6,1.1,1.4,2
29,5,1,1.5,0.6,0.2,1.9,1
36,11,3,2.2,0.9,0.1,0.8,3
31,9,0,1.1,0.2,0.1,0.6,3
45,12,10,2.3,1.3,1.4,1.4,2
37,5,0,1.2,0.6,0.1,0.6,1
18,8,0,1.9,0.6,0.6,1.2,2
33,5,3,0.8,0.7,0.3,0.8,2
32,9,6,1.9,1.8,1,0.8,2
36,17,3,3.1,0.7,1.5,1.6,1
13,1,0,0.4,0.3,0.2,0.7,1
31,8,2,1.5,0.6,0.4,1.1,2
25,1,3,1.1,0.3,0.2,0.2,1
34,26,6,3.3,0.6,0.6,0.8,3
41,8,1,0.9,0.2,0.6,0.5,2
34,7,2,2,0.6,0.6,1,3
33,4,3,1.8,0.6,0.3,0.8,2
23,6,0,1.5,0.2,0.1,0.8,3
12,1,2,1.3,0.7,0.1,0.2,2
29,4,2,1,0.4,0.4,0.8,1
31,8,2,1.6,0.4,0.4,1.1,2
38,11,5,1.5,1.1,0.4,1.1,1
33,5,1,1.6,0.6,0.4,1.1,1
11,2,3,2.2,0.6,0.4,0.6,2
36,22,5,2.9,0.9,0.8,0.6,2
34,7,0,0.9,0.3,0.4,0.3,2
36,12,8,1.6,1.3,0.4,1,2
45,12,6,1.7,0.9,0.9,0.8,1
38,12,2,2.2,1,1.1,1.1,2
33,5,8,1.2,0.7,0.6,0.4,1
41,19,5,2.6,1,1,1.3,2
30,9,1,0.7,0.7,0.6,0.6,1
30,11,4,1.8,1,1.1,0.6,1
38,10,9,2,1.3,1.6,0.9,2
46,18,0,1.8,0.9,0.7,1.2,2
46,29,3,3.6,1,1,2.3,2
18,3,2,0.9,0.4,0.2,0.3,3
35,10,5,1.3,0.9,0.2,1.1,1
37,14,4,2.6,0.9,0.5,1.5,1
35,11,3,1.9,0.8,0.5,0.5,3
22,9,1,2.4,0.8,0.7,0.9,3
24,7,3,2,0.9,2.4,1.7,1
35,4,1,1.3,0.8,1.1,0.9,1
35,9,2,2.1,0.5,0.2,0.8,2
28,2,4,1.5,0.5,0.4,0.4,2
30,8,3,0.9,0.4,0.5,1.5,1
36,16,0,2.2,0.7,0.6,0.6,2
35,6,4,2,0.9,0.9,1,1
30,10,0,2.1,0.6,0.9,1.2,1
33,16,1,2.2,0.9,1.1,0.7,1
17,0,0,0.5,0.3,0.4,1.2,1
33,9,3,1.5,0.6,0.4,2.1,1
22,2,0,0.9,0.3,1,0.4,1
36,12,4,1.5,1.1,1.7,2,1
31,2,3,0.8,0.3,0.3,0.2,1
35,10,6,1.8,1,2.1,1.2,1
28,5,1,1.1,0.4,0.4,0.4,1
30,3,4,1.2,0.9,0.7,0.7,2
30,1,2,1.2,0.7,1.3,1.2,1
30,13,0,2.3,0.7,1.4,0.9,1
36,12,5,2,1.2,1,0.9,2
37,8,4,1.6,0.9,0.9,0.5,2
25,6,2,1.7,0.7,0.4,0.5,2
24,3,1,1.6,0.6,0.4,0.7,1
19,2,0,1,0.2,0.2,0.7,1
10,2,1,0.6,0.5,0.2,0.1,2
10,0,0,1,0.4,0.4,0.3,2
10,3,2,1.1,0.7,0.2,0.5,1
32,4,3,0.9,0.6,0.1,0.8,2
33,9,5,1.9,1,1,1.9,1
5,0,0,0.6,0.6,0.4,0.4,2
31,5,8,2.1,1.3,1.6,1,2
32,4,2,0.8,0.5,0.4,0.4,1
28,3,0,1.8,0.3,0.3,0.6,1
26,3,1,1.7,0.4,0.3,0.9,1
21,2,1,1,0.5,0.8,0.3,1
32,14,5,2.1,1,0.9,0.2,1
27,6,4,1.1,1,0.9,1,1
34,3,0,0.9,0.4,0.5,0.7,1
23,2,0,1,0.4,0.4,0.8,1
32,12,0,1.9,0.7,0.8,1,1
15,1,0,0.7,0.2,0.1,0.6,2
32,20,3,3.3,0.6,0.2,1,2
25,2,0,1.1,0.2,0.6,0.9,1
9,2,2,0.7,0.6,0,1,1
25,9,0,1.7,0.3,0.2,0.5,2
28,4,0,1,0.8,0.2,0.7,1
29,3,0,1.7,0.4,0.4,1.6,2
8,1,0,1.5,0.4,0,0.3,1
20,0,0,0.9,0.2,0.3,0.3,1
32,8,2,1.6,0.5,0.4,0.9,1
15,1,3,0.8,0.9,0.5,0.9,1
19,4,2,2.4,0.6,0.6,1.9,2
15,2,0,0.5,0.3,0.8,0.9,2
7,1,0,0.3,0.1,0,0.7,1
25,3,0,0.7,0.4,0.3,0.6,1
20,3,1,1.6,0.7,0,0.8,1
25,4,0,1,0.3,0.1,0.8,1
12,1,0,0.9,0.3,0.1,0.6,1
26,7,0,1,0.2,0.3,0.5,1
28,2,0,0.8,0.2,0.3,0.9,1
10,0,0,0,0.2,0,0.7,1
35,7,0,1.8,0.4,0.7,2.1,1
14,3,1,1.3,0.3,0.2,0.5,1
34,7,2,1.8,1.2,0.6,1.8,1
17,0,0,0.8,0.2,0.1,0.5,1
13,2,0,0.5,0.5,0.2,1.2,2
13,0,0,0.8,0.2,0.4,0.1,1
28,3,4,1.1,0.7,0.1,0.2,1
25,2,1,0.9,0.4,0.6,0.9,1
34,11,3,2.3,0.9,1.2,1.2,1
24,2,2,0.7,0.3,0.2,0.2,1
25,3,1,1.7,0.7,2.2,1.1,1
15,0,0,0.1,0.5,0.4,0.2,1
30,4,2,1.5,0.6,0.8,1.1,1
4,0,0,0.8,0,0.3,0.7,1
3,0,0,1,0.3,0,0.3,2
36,3,2,1,0.4,0.3,0.4,1
21,5,0,1.2,0.4,0.3,0.4,1
10,1,0,0.4,0.1,0.1,0.3,1
20,2,7,1.1,0.7,0.9,1.8,1
15,2,2,2,0.5,0.8,0.1,1
30,7,0,1.3,0.4,0.8,1,1
24,2,0,2.2,0.4,0.5,1.7,1
30,1,0,0.8,0.3,0.1,0.6,1
10,0,0,1.3,0.4,0.3,0.5,1
18,0,2,2.5,2,0,1.5,1
35,11,2,1.4,0.3,1,0.8,1
25,3,5,2.3,1.5,2.1,2.7,1
30,10,1,1.7,0.9,0.1,1.1,1
10,2,1,0.9,0.4,0,0.3,1
20,5,0,1.2,0.7,0.5,0.3,1
4,0,0,0.2,0,0,0.5,1
30,10,0,1.8,0.3,0.5,2.1,1
15,5,2,1.7,1.6,2.5,1.2,1
13,0,1,0.7,0.3,0.7,0.6,1
20,2,4,1.6,0.5,0.4,0.7,1
3,0,1,0.4,0.6,0,0.2,1
8,0,0,0.6,0.2,0.1,0.6,1
10,0,1,0.8,0.2,0.5,0.6,1
10,0,0,0.3,0,0.2,0.1,1
35,13,2,2.5,0.8,0.5,1.6,1
7,1,0,0.6,0.1,0.4,0.7,1
20,7,3,0.7,0.1,0.1,0.1,1
17,1,0,0.6,0.3,0.4,0.3,1
14,0,3,1,1.1,0.5,0.7,1
